-- phpMyAdmin SQL Dump
-- version 4.0.4
-- http://www.phpmyadmin.net
--
-- Máquina: localhost
-- Data de Criação: 30-Abr-2016 às 22:43
-- Versão do servidor: 5.6.12-log
-- versão do PHP: 5.4.16

SET SQL_MODE = "NO_AUTO_VALUE_ON_ZERO";
SET time_zone = "+00:00";


/*!40101 SET @OLD_CHARACTER_SET_CLIENT=@@CHARACTER_SET_CLIENT */;
/*!40101 SET @OLD_CHARACTER_SET_RESULTS=@@CHARACTER_SET_RESULTS */;
/*!40101 SET @OLD_COLLATION_CONNECTION=@@COLLATION_CONNECTION */;
/*!40101 SET NAMES utf8 */;

--
-- Base de Dados: `arduino`
--
CREATE DATABASE IF NOT EXISTS `arduino` DEFAULT CHARACTER SET latin1 COLLATE latin1_swedish_ci;
USE `arduino`;

-- --------------------------------------------------------

--
-- Estrutura da tabela `ar_ambiente`
--

CREATE TABLE IF NOT EXISTS `ar_ambiente` (
  `id` int(11) NOT NULL AUTO_INCREMENT,
  `nome` varchar(30) NOT NULL,
  `ativo` tinyint(4) NOT NULL,
  PRIMARY KEY (`id`)
) ENGINE=InnoDB  DEFAULT CHARSET=latin1 AUTO_INCREMENT=16 ;

--
-- Extraindo dados da tabela `ar_ambiente`
--

INSERT INTO `ar_ambiente` (`id`, `nome`, `ativo`) VALUES
(1, 'quarto', 1),
(2, 'suíte', 1),
(3, 'sala estar', 1),
(4, 'sala jantar', 1),
(5, 'cozinha', 1),
(6, 'varanda', 1),
(7, 'escritório', 1),
(8, 'garagem', 1),
(9, 'lavabo', 1),
(10, 'banheiro', 1),
(11, 'lavanderia', 1),
(12, 'piscina', 0),
(13, 'sacada', 0),
(14, 'quadra', 0),
(15, 'Arduino Teste', 1);

-- --------------------------------------------------------

--
-- Estrutura da tabela `ar_dispositivos`
--

CREATE TABLE IF NOT EXISTS `ar_dispositivos` (
  `id` int(11) NOT NULL AUTO_INCREMENT,
  `nome` varchar(100) NOT NULL,
  `sigla` varchar(10) NOT NULL,
  `descricao` varchar(200) NOT NULL,
  PRIMARY KEY (`id`)
) ENGINE=InnoDB  DEFAULT CHARSET=latin1 AUTO_INCREMENT=9 ;

--
-- Extraindo dados da tabela `ar_dispositivos`
--

INSERT INTO `ar_dispositivos` (`id`, `nome`, `sigla`, `descricao`) VALUES
(1, 'Lâmpada', 'LAMP', ''),
(2, 'Sensor Temperatura', 'TEMP', ''),
(3, 'Tomada', 'TMD', ''),
(4, 'Ventilador', 'VENT', ''),
(5, 'Ar Condicionado', 'AC', ''),
(6, 'Máquina de Lavar', 'MAQ_LAVAR', ''),
(7, 'Televisão', 'TV', ''),
(8, 'Aquecedor', 'AQC', '');

-- --------------------------------------------------------

--
-- Estrutura da tabela `ar_local`
--

CREATE TABLE IF NOT EXISTS `ar_local` (
  `id` int(11) NOT NULL AUTO_INCREMENT,
  `nome` varchar(50) NOT NULL,
  PRIMARY KEY (`id`)
) ENGINE=InnoDB  DEFAULT CHARSET=latin1 AUTO_INCREMENT=7 ;

--
-- Extraindo dados da tabela `ar_local`
--

INSERT INTO `ar_local` (`id`, `nome`) VALUES
(1, 'parede'),
(2, 'teto'),
(3, 'piso'),
(4, 'mesa'),
(5, 'Teste 1'),
(6, 'Teste 2');

-- --------------------------------------------------------

--
-- Estrutura da tabela `ar_status2`
--

CREATE TABLE IF NOT EXISTS `ar_status2` (
  `id` int(11) NOT NULL AUTO_INCREMENT,
  `ambiente` int(11) NOT NULL,
  `dispositivo` varchar(100) NOT NULL,
  `local` int(10) unsigned NOT NULL,
  `status` int(11) NOT NULL,
  `data` date NULL,
  PRIMARY KEY (`id`)
) ENGINE=InnoDB  DEFAULT CHARSET=latin1 AUTO_INCREMENT=1292 ;

--
-- Extraindo dados da tabela `ar_status2`
--

INSERT INTO `ar_status2` (`id`, `ambiente`, `dispositivo`, `local`, `status`) VALUES
(181, 3, '1', 1, 1),
(182, 3, '1', 2, 1),
(183, 3, '1', 3, 1),
(184, 3, '1', 4, 1),
(185, 3, '1', 5, 1),
(186, 1, '1', 1, 1),
(187, 1, '1', 2, 1),
(188, 7, '1', 1, 1),
(189, 7, '1', 2, 1),
(191, 3, '1', 1, 1),
(192, 3, '1', 2, 1),
(193, 3, '1', 3, 1),
(194, 3, '1', 4, 1),
(195, 3, '1', 5, 1),
(196, 1, '1', 1, 1),
(197, 1, '1', 2, 1),
(198, 7, '1', 1, 1),
(199, 7, '1', 2, 1),
(201, 3, '1', 1, 1),
(202, 3, '1', 2, 1),
(203, 3, '1', 3, 1),
(204, 3, '1', 4, 1),
(205, 3, '1', 5, 1),
(206, 1, '1', 1, 1),
(207, 1, '1', 2, 1),
(208, 7, '1', 1, 1),
(209, 7, '1', 2, 1),
(211, 1, '2', 0, 25),
(212, 2, '2', 0, 26),
(213, 3, '2', 0, 27),
(214, 4, '2', 0, 28),
(215, 3, '1', 4, 0),
(216, 3, '1', 2, 0),
(217, 1, '1', 1, 0),
(218, 1, '1', 2, 0),
(219, 7, '1', 1, 0),
(221, 3, '1', 2, 1),
(222, 3, '1', 1, 0),
(223, 3, '1', 2, 0),
(224, 3, '1', 3, 0),
(225, 3, '1', 1, 1),
(226, 3, '1', 1, 0),
(227, 3, '1', 1, 1),
(230, 7, '1', 2, 0),
(231, 1, '1', 1, 1),
(233, 7, '1', 1, 1),
(234, 7, '1', 1, 0),
(235, 1, '1', 2, 1),
(236, 7, '1', 1, 1),
(237, 7, '1', 1, 0),
(238, 7, '1', 2, 1),
(239, 7, '1', 1, 1),
(240, 1, '1', 1, 0),
(241, 1, '1', 2, 0),
(242, 3, '1', 1, 0),
(244, 7, '1', 1, 0),
(245, 7, '1', 2, 0),
(246, 7, '1', 1, 1),
(247, 7, '1', 1, 0),
(248, 1, '1', 1, 1),
(249, 1, '1', 1, 0),
(250, 1, '1', 1, 1),
(251, 1, '1', 1, 0),
(252, 1, '1', 1, 1),
(253, 1, '1', 2, 1),
(254, 1, '1', 2, 0),
(255, 3, '1', 2, 1),
(260, 7, '1', 1, 1),
(261, 7, '1', 2, 1),
(262, 7, '1', 1, 0),
(263, 7, '1', 2, 0),
(264, 3, '1', 1, 1),
(265, 3, '1', 2, 0),
(269, 2, '1', 2, 1),
(271, 3, '1', 4, 1),
(272, 1, '1', 2, 1),
(273, 1, '1', 2, 0),
(274, 1, '1', 2, 1),
(275, 3, '1', 2, 1),
(278, 2, '1', 2, 0),
(279, 2, '5', 1, 0),
(280, 2, '5', 1, 1),
(281, 2, '5', 1, 0),
(282, 2, '1', 2, 1),
(283, 2, '5', 1, 1),
(284, 2, '5', 1, 0),
(285, 2, '1', 2, 0),
(286, 2, '5', 1, 1),
(287, 2, '5', 1, 0),
(288, 2, '5', 1, 1),
(289, 2, '1', 2, 1),
(290, 3, '1', 1, 0),
(291, 7, '1', 1, 1),
(292, 2, '5', 1, 0),
(293, 2, '1', 2, 0),
(294, 3, '1', 2, 0),
(295, 3, '1', 3, 1),
(296, 3, '1', 4, 0),
(297, 3, '1', 3, 0),
(298, 1, '1', 2, 0),
(299, 1, '1', 1, 0),
(300, 7, '1', 1, 0),
(301, 7, '1', 1, 1),
(302, 7, '1', 1, 0),
(303, 7, '1', 1, 1),
(304, 7, '1', 1, 1),
(305, 7, '1', 1, 0),
(306, 7, '1', 2, 1),
(307, 7, '1', 2, 0),
(308, 7, '1', 1, 1),
(309, 7, '1', 1, 1),
(310, 7, '1', 1, 0),
(311, 7, '1', 1, 0),
(312, 7, '1', 2, 1),
(313, 7, '1', 2, 0),
(314, 1, '1', 1, 1),
(315, 1, '1', 1, 0),
(316, 3, '1', 3, 1),
(317, 7, '1', 1, 1),
(318, 3, '1', 1, 1),
(319, 2, '5', 1, 1),
(320, 2, '5', 1, 1),
(321, 2, '1', 2, 1),
(322, 2, '5', 1, 0),
(323, 2, '1', 2, 0),
(324, 3, '1', 1, 0),
(325, 3, '1', 3, 0),
(326, 3, '1', 1, 1),
(327, 3, '1', 1, 0),
(328, 2, '5', 1, 1),
(329, 2, '1', 2, 1),
(330, 2, '1', 2, 0),
(331, 2, '5', 1, 0),
(332, 7, '1', 1, 0),
(333, 7, '1', 2, 1),
(334, 7, '1', 1, 1),
(335, 2, '5', 1, 1),
(336, 2, '5', 1, 0),
(337, 3, '1', 2, 1),
(338, 2, '5', 1, 1),
(339, 2, '1', 2, 1),
(340, 2, '1', 2, 1),
(341, 2, '5', 1, 0),
(342, 2, '5', 1, 1),
(343, 3, '1', 3, 1),
(344, 3, '1', 4, 1),
(345, 2, '5', 1, 0),
(346, 2, '5', 1, 1),
(347, 2, '1', 2, 0),
(348, 2, '5', 1, 0),
(349, 2, '5', 1, 1),
(350, 2, '5', 1, 0),
(351, 2, '5', 1, 1),
(352, 2, '5', 1, 1),
(353, 2, '1', 2, 1),
(354, 2, '5', 1, 0),
(355, 2, '1', 2, 0),
(356, 2, '5', 1, 1),
(357, 2, '1', 2, 1),
(358, 7, '1', 1, 0),
(359, 7, '1', 2, 0),
(360, 7, '1', 1, 1),
(361, 7, '1', 2, 1),
(362, 1, '1', 2, 1),
(363, 1, '1', 1, 1),
(364, 3, '1', 1, 1),
(365, 7, '1', 1, 0),
(370, 15, '1', 6, 0),
(481, 15, '4', 5, 0),
(493, 15, '1', 6, 1),
(494, 15, '1', 6, 0),
(495, 15, '1', 6, 1),
(496, 15, '1', 6, 0),
(497, 15, '1', 6, 1),
(498, 15, '1', 6, 0),
(499, 15, '1', 6, 1),
(500, 15, '1', 6, 0),
(501, 15, '1', 6, 1),
(502, 15, '1', 6, 1),
(503, 15, '1', 6, 0),
(504, 15, '1', 6, 1),
(505, 15, '1', 6, 0),
(506, 15, '1', 6, 1),
(507, 15, '4', 5, 1),
(508, 15, '4', 5, 0),
(509, 15, '1', 6, 0),
(510, 15, '1', 6, 1),
(511, 15, '1', 6, 0),
(512, 15, '1', 6, 1),
(513, 15, '4', 5, 1),
(514, 15, '1', 6, 0),
(515, 15, '1', 6, 1),
(516, 15, '1', 6, 0),
(517, 15, '1', 6, 1),
(518, 15, '1', 6, 0),
(519, 15, '4', 5, 0),
(520, 15, '1', 6, 0),
(521, 15, '1', 6, 1),
(522, 15, '1', 6, 0),
(523, 15, '1', 6, 0),
(524, 15, '1', 6, 1),
(525, 15, '1', 6, 0),
(526, 15, '1', 6, 1),
(527, 15, '1', 6, 0),
(528, 15, '1', 6, 0),
(529, 15, '1', 6, 1),
(530, 15, '1', 6, 0),
(531, 15, '1', 6, 1),
(532, 15, '1', 6, 0),
(533, 15, '1', 6, 1),
(534, 15, '1', 6, 0),
(535, 15, '1', 6, 1),
(536, 15, '1', 6, 0),
(537, 15, '1', 6, 1),
(538, 15, '1', 6, 0),
(539, 15, '1', 6, 1),
(540, 15, '1', 6, 0),
(541, 15, '1', 6, 1),
(542, 15, '1', 6, 0),
(543, 15, '1', 6, 1),
(544, 15, '1', 6, 0),
(545, 15, '1', 6, 1),
(546, 15, '1', 6, 1),
(547, 15, '1', 6, 0),
(548, 15, '1', 6, 1),
(549, 15, '1', 6, 0),
(550, 15, '1', 6, 1),
(551, 15, '1', 6, 0),
(552, 15, '1', 6, 1),
(553, 15, '1', 6, 0),
(554, 15, '1', 6, 1),
(555, 15, '4', 5, 1),
(556, 15, '4', 5, 0),
(557, 15, '1', 6, 0),
(558, 15, '4', 5, 1),
(559, 15, '1', 6, 1),
(560, 15, '1', 6, 0),
(561, 15, '4', 5, 0),
(562, 15, '4', 5, 1),
(563, 15, '4', 5, 1),
(564, 15, '1', 6, 1),
(565, 15, '1', 6, 0),
(566, 15, '1', 6, 1),
(567, 15, '1', 6, 0),
(568, 15, '4', 5, 0),
(569, 15, '4', 5, 1),
(570, 15, '4', 5, 0),
(571, 15, '4', 5, 1),
(572, 15, '4', 5, 0),
(573, 15, '4', 5, 1),
(574, 15, '1', 6, 1),
(575, 15, '1', 6, 0),
(576, 15, '4', 5, 0),
(577, 15, '4', 5, 1),
(578, 15, '4', 5, 0),
(579, 15, '4', 5, 1),
(580, 15, '1', 6, 1),
(581, 15, '1', 6, 0),
(582, 15, '4', 5, 0),
(584, 15, '4', 5, 1),
(585, 15, '1', 6, 1),
(586, 15, '1', 6, 0),
(587, 15, '1', 6, 1),
(589, 15, '4', 5, 1),
(590, 15, '1', 6, 0),
(591, 15, '4', 5, 0),
(592, 15, '4', 5, 1),
(593, 15, '1', 6, 1),
(594, 15, '4', 5, 0),
(595, 15, '1', 6, 0),
(596, 15, '1', 6, 1),
(597, 15, '1', 5, 1),
(598, 15, '1', 5, 0),
(599, 15, '1', 6, 0),
(600, 15, '1', 5, 1),
(601, 15, '1', 6, 1),
(602, 15, '1', 5, 0),
(603, 15, '4', 5, 1),
(604, 15, '4', 5, 0),
(605, 15, '1', 6, 0),
(606, 15, '1', 5, 1),
(607, 15, '1', 5, 0),
(608, 15, '4', 5, 1),
(609, 15, '4', 5, 0),
(610, 15, '1', 5, 1),
(611, 15, '1', 6, 1),
(612, 15, '1', 5, 0),
(613, 15, '1', 6, 0),
(614, 15, '1', 5, 1),
(615, 15, '1', 6, 1),
(616, 15, '1', 5, 0),
(617, 15, '1', 6, 0),
(618, 15, '1', 5, 1),
(619, 15, '1', 5, 0),
(620, 15, '1', 5, 1),
(621, 15, '1', 5, 0),
(622, 15, '1', 5, 1),
(623, 15, '1', 6, 1),
(624, 15, '1', 5, 0),
(625, 15, '1', 6, 0),
(626, 15, '1', 5, 1),
(627, 15, '1', 6, 1),
(628, 15, '1', 5, 0),
(629, 15, '1', 6, 0),
(630, 15, '1', 6, 1),
(631, 15, '1', 6, 0),
(632, 15, '1', 5, 1),
(633, 15, '1', 6, 1),
(634, 15, '1', 5, 0),
(635, 15, '1', 6, 0),
(636, 15, '1', 5, 1),
(637, 15, '1', 5, 0),
(638, 15, '1', 5, 1),
(639, 15, '1', 5, 1),
(640, 15, '1', 5, 1),
(641, 15, '1', 5, 1),
(642, 15, '1', 5, 0),
(643, 15, '1', 5, 1),
(644, 15, '1', 5, 0),
(645, 15, '1', 5, 0),
(646, 15, '1', 5, 1),
(647, 15, '1', 5, 1),
(648, 15, '1', 5, 0),
(649, 15, '1', 5, 1),
(650, 15, '1', 5, 0),
(651, 15, '1', 5, 1),
(652, 15, '1', 5, 0),
(653, 15, '1', 5, 1),
(654, 15, '1', 5, 0),
(655, 15, '1', 5, 1),
(656, 15, '1', 5, 0),
(657, 15, '1', 5, 1),
(658, 15, '1', 5, 0),
(659, 15, '1', 5, 1),
(660, 15, '1', 5, 1),
(661, 15, '1', 5, 0),
(662, 15, '1', 5, 1),
(663, 15, '1', 5, 0),
(664, 15, '1', 5, 1),
(665, 15, '1', 5, 1),
(666, 15, '1', 5, 1),
(667, 15, '1', 5, 0),
(668, 15, '1', 5, 0),
(669, 15, '1', 5, 1),
(670, 15, '1', 5, 1),
(671, 15, '1', 5, 0),
(672, 15, '1', 5, 1),
(673, 15, '1', 6, 1),
(674, 15, '1', 5, 0),
(675, 15, '1', 5, 1),
(676, 15, '1', 6, 0),
(677, 15, '1', 5, 0),
(678, 15, '1', 5, 0),
(679, 15, '1', 5, 1),
(680, 15, '1', 5, 1),
(681, 15, '1', 5, 1),
(682, 15, '1', 5, 1),
(683, 15, '1', 5, 0),
(684, 15, '1', 5, 1),
(685, 15, '1', 5, 0),
(686, 15, '1', 5, 1),
(687, 15, '1', 5, 0),
(688, 15, '1', 5, 1),
(689, 15, '1', 5, 0),
(690, 15, '1', 5, 1),
(691, 15, '1', 5, 1),
(692, 15, '1', 5, 0),
(693, 15, '1', 5, 1),
(694, 15, '1', 5, 1),
(695, 15, '1', 5, 1),
(696, 15, '1', 5, 0),
(697, 15, '1', 5, 1),
(698, 15, '1', 5, 0),
(699, 15, '1', 5, 1),
(700, 15, '1', 5, 0),
(701, 15, '1', 5, 1),
(702, 15, '1', 5, 1),
(703, 15, '1', 5, 1),
(704, 15, '1', 5, 1),
(705, 15, '1', 5, 0),
(706, 15, '1', 5, 1),
(707, 15, '1', 5, 0),
(708, 15, '1', 5, 1),
(709, 15, '1', 5, 0),
(710, 15, '1', 5, 1),
(711, 15, '1', 5, 0),
(712, 15, '1', 5, 1),
(713, 15, '1', 5, 1),
(714, 15, '1', 5, 0),
(715, 15, '1', 5, 1),
(716, 15, '1', 5, 1),
(717, 15, '1', 5, 0),
(718, 15, '1', 5, 1),
(719, 15, '1', 5, 1),
(720, 15, '1', 5, 1),
(721, 15, '1', 5, 1),
(722, 15, '1', 5, 0),
(723, 15, '1', 5, 1),
(724, 15, '1', 5, 1),
(725, 15, '1', 5, 1),
(726, 15, '1', 5, 1),
(727, 15, '1', 5, 0),
(728, 15, '1', 5, 1),
(729, 15, '1', 5, 0),
(730, 15, '1', 5, 1),
(731, 15, '1', 5, 1),
(732, 15, '1', 5, 0),
(733, 15, '1', 5, 1),
(734, 15, '1', 5, 0),
(735, 15, '1', 5, 1),
(736, 15, '1', 5, 0),
(737, 15, '1', 5, 1),
(738, 15, '1', 5, 0),
(739, 15, '1', 5, 1),
(740, 15, '1', 5, 0),
(741, 15, '1', 5, 1),
(742, 15, '1', 5, 0),
(743, 15, '1', 5, 1),
(744, 15, '1', 5, 0),
(745, 15, '1', 5, 1),
(746, 15, '1', 5, 1),
(747, 15, '1', 5, 1),
(748, 15, '1', 5, 0),
(749, 15, '1', 5, 1),
(750, 15, '1', 5, 0),
(751, 15, '1', 5, 1),
(752, 15, '1', 5, 0),
(753, 15, '1', 5, 1),
(754, 15, '1', 5, 1),
(755, 15, '1', 5, 1),
(756, 15, '1', 5, 0),
(757, 15, '1', 5, 1),
(758, 15, '1', 5, 0),
(759, 15, '1', 5, 1),
(760, 15, '1', 5, 0),
(761, 15, '1', 5, 1),
(762, 15, '1', 5, 0),
(763, 15, '1', 5, 1),
(764, 15, '1', 5, 0),
(765, 15, '1', 5, 1),
(766, 15, '1', 5, 0),
(767, 15, '1', 5, 1),
(768, 15, '1', 5, 0),
(769, 15, '1', 5, 1),
(770, 15, '1', 5, 0),
(771, 15, '1', 5, 1),
(772, 15, '1', 5, 0),
(773, 15, '1', 5, 1),
(774, 15, '1', 5, 1),
(775, 15, '1', 5, 1),
(776, 15, '1', 5, 1),
(777, 15, '1', 5, 1),
(778, 15, '1', 5, 1),
(779, 15, '1', 5, 1),
(780, 15, '1', 5, 1),
(781, 15, '1', 5, 1),
(782, 15, '1', 5, 1),
(783, 15, '1', 5, 1),
(784, 15, '1', 5, 1),
(785, 15, '1', 5, 1),
(786, 15, '1', 5, 1),
(787, 15, '1', 5, 1),
(788, 15, '1', 5, 1),
(789, 15, '1', 5, 1),
(790, 15, '1', 5, 1),
(791, 15, '1', 5, 1),
(792, 15, '1', 5, 1),
(793, 15, '1', 5, 1),
(794, 15, '1', 5, 1),
(795, 15, '1', 5, 1),
(796, 15, '1', 5, 1),
(797, 15, '1', 5, 1),
(798, 15, '1', 5, 1),
(799, 15, '1', 5, 1),
(800, 15, '1', 5, 1),
(801, 15, '1', 5, 1),
(802, 15, '1', 5, 0),
(803, 15, '1', 5, 1),
(804, 15, '1', 5, 0),
(805, 15, '1', 5, 1),
(806, 15, '1', 5, 1),
(807, 15, '1', 5, 1),
(808, 15, '1', 5, 1),
(809, 15, '1', 5, 1),
(810, 15, '1', 5, 1),
(811, 15, '1', 5, 1),
(812, 15, '1', 5, 1),
(813, 15, '1', 5, 1),
(814, 15, '1', 5, 1),
(815, 15, '1', 5, 1),
(816, 15, '1', 5, 0),
(817, 15, '1', 5, 1),
(818, 15, '1', 5, 0),
(819, 15, '1', 5, 1),
(820, 15, '1', 5, 0),
(821, 15, '1', 5, 1),
(822, 15, '1', 5, 0),
(823, 15, '1', 5, 1),
(824, 15, '1', 5, 0),
(825, 15, '1', 5, 1),
(826, 15, '1', 5, 0),
(827, 15, '1', 5, 1),
(828, 15, '1', 5, 1),
(829, 15, '1', 5, 1),
(830, 15, '1', 5, 0),
(831, 15, '1', 5, 1),
(832, 15, '1', 5, 0),
(833, 15, '1', 5, 1),
(834, 15, '1', 5, 0),
(835, 15, '1', 5, 1),
(836, 15, '1', 5, 0),
(837, 15, '1', 5, 1),
(838, 15, '1', 5, 0),
(839, 15, '1', 5, 1),
(840, 15, '1', 5, 0),
(841, 15, '1', 5, 1),
(842, 15, '1', 5, 0),
(843, 15, '1', 5, 1),
(844, 15, '1', 5, 0),
(845, 15, '1', 5, 1),
(846, 15, '1', 5, 0),
(847, 15, '1', 5, 1),
(848, 15, '1', 5, 0),
(849, 15, '1', 5, 1),
(850, 15, '1', 5, 1),
(851, 15, '1', 5, 1),
(852, 15, '1', 5, 0),
(853, 15, '1', 5, 1),
(854, 15, '1', 5, 1),
(855, 15, '1', 5, 1),
(856, 15, '1', 5, 0),
(857, 15, '1', 5, 0),
(858, 15, '1', 5, 0),
(859, 15, '1', 5, 1),
(860, 15, '1', 5, 0),
(861, 15, '1', 6, 1),
(862, 15, '1', 6, 1),
(863, 15, '1', 6, 0),
(864, 15, '1', 5, 0),
(865, 15, '1', 5, 1),
(866, 15, '1', 6, 1),
(867, 15, '1', 5, 0),
(868, 15, '1', 6, 0),
(869, 15, '1', 5, 1),
(870, 15, '1', 6, 1),
(871, 15, '1', 6, 0),
(872, 15, '1', 5, 0),
(873, 15, '1', 5, 1),
(874, 15, '1', 5, 1),
(875, 15, '1', 5, 0),
(876, 15, '1', 5, 1),
(877, 15, '1', 5, 1),
(878, 15, '1', 5, 0),
(879, 15, '1', 5, 1),
(880, 15, '1', 5, 0),
(881, 15, '1', 5, 1),
(882, 15, '1', 5, 0),
(883, 15, '1', 5, 1),
(884, 15, '1', 5, 0),
(885, 15, '1', 5, 1),
(886, 15, '1', 5, 0),
(887, 15, '1', 5, 1),
(888, 15, '1', 5, 0),
(889, 15, '1', 5, 1),
(890, 15, '1', 5, 0),
(891, 15, '1', 5, 1),
(892, 15, '1', 5, 0),
(893, 15, '1', 5, 1),
(894, 15, '1', 5, 0),
(895, 15, '1', 5, 1),
(896, 15, '1', 5, 0),
(897, 15, '1', 5, 1),
(898, 15, '1', 5, 0),
(899, 15, '1', 5, 1),
(900, 15, '1', 5, 0),
(901, 15, '1', 5, 1),
(902, 15, '1', 5, 0),
(903, 15, '1', 5, 1),
(904, 15, '1', 5, 0),
(905, 15, '0', 2, 27),
(906, 15, '0', 2, 27),
(907, 15, '0', 2, 27),
(908, 15, '0', 2, 27),
(909, 15, '0', 2, 27),
(910, 15, '1', 5, 1),
(911, 15, '1', 5, 1),
(912, 15, '1', 5, 1),
(913, 15, '1', 5, 1),
(914, 15, '1', 5, 0),
(915, 15, '1', 5, 1),
(916, 15, '1', 5, 1),
(917, 15, '1', 5, 1),
(918, 15, '1', 5, 0),
(919, 15, '1', 5, 1),
(920, 15, '1', 5, 0),
(921, 15, '1', 5, 1),
(922, 15, '1', 5, 0),
(923, 15, '1', 5, 1),
(924, 15, '1', 5, 1),
(925, 15, '1', 5, 0),
(926, 15, '1', 5, 1),
(927, 15, '1', 5, 0),
(928, 15, '1', 5, 1),
(929, 15, '1', 5, 0),
(930, 15, '1', 5, 1),
(931, 15, '1', 5, 0),
(932, 15, '1', 5, 1),
(933, 15, '1', 5, 0),
(934, 15, '1', 5, 1),
(935, 15, '1', 5, 0),
(936, 15, '1', 5, 1),
(937, 15, '1', 5, 0),
(938, 15, '1', 5, 1),
(939, 15, '1', 5, 1),
(940, 15, '1', 5, 1),
(941, 15, '1', 5, 1),
(942, 15, '1', 5, 0),
(943, 15, '1', 5, 1),
(944, 15, '1', 5, 0),
(945, 15, '1', 5, 1),
(946, 15, '1', 5, 0),
(947, 15, '1', 5, 1),
(948, 15, '1', 5, 0),
(949, 15, '1', 5, 1),
(950, 15, '1', 5, 1),
(951, 15, '1', 5, 1),
(952, 15, '1', 5, 0),
(953, 15, '1', 5, 1),
(954, 15, '1', 5, 0),
(955, 15, '1', 5, 1),
(956, 15, '1', 5, 0),
(957, 15, '1', 5, 1),
(958, 15, '1', 5, 0),
(959, 15, '1', 6, 1),
(960, 15, '1', 6, 0),
(961, 15, '1', 6, 1),
(962, 15, '1', 6, 0),
(963, 15, '1', 6, 1),
(964, 15, '1', 6, 0),
(965, 15, '1', 6, 1),
(966, 15, '1', 6, 0),
(967, 15, '1', 6, 1),
(968, 15, '1', 6, 0),
(969, 15, '1', 6, 1),
(970, 15, '1', 6, 0),
(971, 15, '1', 6, 1),
(972, 15, '1', 6, 0),
(973, 15, '1', 5, 1),
(974, 15, '1', 5, 0),
(975, 15, '1', 5, 1),
(976, 15, '1', 5, 0),
(977, 15, '1', 6, 1),
(978, 15, '1', 6, 0),
(979, 15, '1', 6, 1),
(980, 15, '1', 6, 0),
(981, 15, '1', 6, 1),
(982, 15, '1', 6, 0),
(983, 15, '1', 6, 1),
(984, 15, '1', 6, 0),
(985, 15, '1', 6, 1),
(986, 15, '1', 6, 0),
(987, 15, '1', 6, 1),
(988, 15, '1', 6, 0),
(989, 15, '1', 6, 1),
(990, 15, '1', 6, 0),
(991, 15, '1', 6, 1),
(992, 15, '1', 6, 0),
(993, 15, '1', 6, 1),
(994, 15, '1', 6, 0),
(995, 15, '1', 6, 1),
(996, 15, '1', 6, 0),
(997, 15, '1', 6, 1),
(998, 15, '1', 6, 0),
(999, 15, '1', 6, 1),
(1000, 15, '1', 6, 0),
(1001, 15, '1', 6, 1),
(1002, 15, '1', 6, 0),
(1003, 15, '1', 6, 1),
(1004, 15, '1', 6, 0),
(1005, 15, '1', 6, 1),
(1006, 15, '1', 6, 0),
(1007, 15, '1', 6, 1),
(1008, 15, '1', 6, 0),
(1009, 15, '1', 6, 1),
(1010, 15, '1', 6, 0),
(1011, 15, '1', 6, 1),
(1012, 15, '1', 6, 0),
(1013, 15, '1', 6, 1),
(1014, 15, '1', 6, 0),
(1015, 15, '1', 6, 1),
(1016, 15, '1', 6, 0),
(1017, 15, '1', 6, 1),
(1018, 15, '1', 6, 0),
(1019, 15, '1', 6, 1),
(1020, 15, '1', 6, 0),
(1021, 15, '1', 6, 1),
(1022, 15, '1', 6, 0),
(1023, 15, '1', 6, 1),
(1024, 15, '1', 6, 0),
(1025, 15, '1', 6, 1),
(1026, 15, '1', 6, 0),
(1027, 15, '1', 6, 1),
(1028, 15, '1', 6, 0),
(1029, 15, '1', 6, 1),
(1030, 15, '1', 6, 0),
(1031, 15, '1', 6, 1),
(1032, 15, '1', 6, 0),
(1033, 15, '1', 6, 1),
(1034, 15, '1', 6, 0),
(1035, 15, '1', 6, 1),
(1036, 15, '1', 6, 0),
(1037, 15, '1', 6, 1),
(1038, 15, '1', 6, 0),
(1039, 15, '1', 6, 1),
(1040, 15, '1', 6, 0),
(1041, 15, '1', 6, 1),
(1042, 15, '1', 6, 0),
(1043, 15, '1', 5, 0),
(1044, 15, '1', 5, 1),
(1045, 15, '1', 6, 1),
(1046, 15, '1', 6, 0),
(1047, 15, '1', 6, 1),
(1048, 15, '1', 6, 0),
(1049, 15, '1', 6, 1),
(1050, 15, '1', 6, 0),
(1051, 15, '1', 6, 1),
(1052, 15, '1', 6, 0),
(1053, 15, '1', 6, 1),
(1054, 15, '1', 6, 0),
(1055, 15, '1', 6, 1),
(1056, 15, '1', 6, 0),
(1057, 15, '1', 6, 1),
(1058, 15, '1', 6, 0),
(1059, 15, '1', 6, 1),
(1060, 15, '1', 5, 1),
(1061, 15, '1', 6, 0),
(1062, 15, '1', 6, 1),
(1063, 15, '1', 5, 0),
(1064, 15, '1', 6, 0),
(1065, 15, '1', 6, 1),
(1066, 15, '1', 6, 0),
(1067, 15, '1', 6, 1),
(1068, 15, '1', 5, 1),
(1069, 15, '1', 6, 0),
(1070, 15, '1', 5, 0),
(1071, 15, '1', 6, 0),
(1072, 15, '1', 5, 1),
(1073, 15, '1', 6, 1),
(1074, 15, '1', 6, 1),
(1075, 15, '1', 6, 0),
(1076, 15, '1', 6, 1),
(1077, 15, '1', 6, 0),
(1078, 15, '1', 6, 1),
(1079, 15, '1', 6, 0),
(1080, 15, '1', 6, 1),
(1081, 15, '1', 6, 0),
(1082, 15, '1', 6, 1),
(1083, 15, '1', 6, 0),
(1084, 15, '1', 6, 1),
(1085, 15, '1', 6, 0),
(1086, 15, '1', 6, 1),
(1087, 15, '1', 6, 0),
(1088, 15, '1', 6, 1),
(1089, 15, '1', 6, 0),
(1090, 15, '1', 6, 1),
(1091, 15, '1', 6, 0),
(1092, 15, '1', 6, 1),
(1093, 15, '1', 6, 0),
(1094, 15, '1', 6, 1),
(1095, 15, '1', 6, 0),
(1096, 15, '1', 6, 1),
(1097, 15, '1', 6, 0),
(1098, 15, '1', 6, 1),
(1099, 15, '1', 6, 0),
(1100, 15, '1', 6, 1),
(1101, 15, '1', 6, 0),
(1102, 15, '1', 6, 1),
(1103, 15, '1', 6, 0),
(1104, 15, '1', 6, 1),
(1105, 15, '1', 6, 0),
(1106, 15, '1', 6, 1),
(1107, 15, '1', 6, 0),
(1108, 15, '1', 6, 1),
(1109, 15, '1', 6, 0),
(1110, 15, '1', 6, 1),
(1111, 15, '1', 6, 0),
(1112, 15, '1', 6, 1),
(1113, 15, '1', 6, 0),
(1114, 15, '1', 6, 1),
(1115, 15, '1', 6, 0),
(1116, 15, '1', 6, 1),
(1117, 15, '1', 6, 0),
(1118, 15, '1', 6, 1),
(1119, 15, '1', 6, 0),
(1120, 15, '1', 6, 1),
(1121, 15, '1', 6, 0),
(1122, 15, '1', 6, 1),
(1123, 15, '1', 6, 0),
(1124, 15, '1', 6, 1),
(1125, 15, '1', 6, 0),
(1126, 15, '1', 6, 1),
(1127, 15, '1', 6, 0),
(1128, 15, '1', 6, 1),
(1129, 15, '1', 6, 0),
(1130, 15, '1', 5, 1),
(1131, 15, '1', 5, 0),
(1132, 15, '1', 5, 1),
(1133, 15, '1', 6, 1),
(1134, 15, '1', 6, 0),
(1135, 15, '1', 5, 1),
(1136, 15, '1', 5, 1),
(1137, 15, '1', 6, 1),
(1138, 15, '1', 6, 0),
(1139, 15, '1', 6, 1),
(1140, 15, '1', 6, 0),
(1141, 15, '1', 5, 1),
(1142, 15, '1', 5, 1),
(1143, 15, '1', 5, 1),
(1144, 15, '1', 5, 1),
(1145, 15, '1', 5, 1),
(1146, 15, '1', 5, 1),
(1147, 15, '1', 5, 1),
(1148, 15, '1', 5, 1),
(1149, 15, '1', 5, 1),
(1150, 15, '1', 5, 1),
(1151, 15, '1', 6, 0),
(1152, 15, '1', 6, 1),
(1153, 15, '1', 6, 0),
(1154, 15, '1', 6, 1),
(1155, 15, '1', 6, 0),
(1156, 15, '1', 6, 1),
(1157, 15, '1', 6, 0),
(1158, 15, '1', 6, 1),
(1159, 15, '1', 6, 0),
(1160, 15, '1', 6, 1),
(1161, 15, '1', 6, 0),
(1162, 15, '1', 6, 1),
(1163, 15, '1', 6, 0),
(1164, 15, '1', 6, 1),
(1165, 15, '1', 6, 0),
(1166, 15, '1', 6, 1),
(1167, 15, '1', 6, 0),
(1168, 15, '1', 6, 1),
(1169, 15, '1', 6, 0),
(1170, 15, '1', 6, 1),
(1171, 15, '1', 6, 0),
(1172, 15, '1', 6, 1),
(1173, 15, '1', 6, 0),
(1174, 15, '1', 6, 1),
(1175, 15, '1', 6, 0),
(1176, 15, '1', 6, 1),
(1177, 15, '1', 6, 0),
(1178, 15, '1', 6, 1),
(1179, 15, '1', 6, 0),
(1180, 15, '1', 6, 1),
(1181, 15, '1', 6, 0),
(1182, 15, '1', 6, 1),
(1183, 15, '1', 6, 0),
(1184, 15, '1', 6, 1),
(1185, 15, '1', 6, 0),
(1186, 15, '1', 6, 1),
(1187, 15, '1', 6, 0),
(1188, 15, '1', 6, 1),
(1189, 15, '1', 6, 0),
(1190, 15, '1', 6, 1),
(1191, 15, '1', 6, 0),
(1192, 15, '1', 6, 1),
(1193, 15, '1', 6, 0),
(1194, 15, '1', 6, 1),
(1195, 15, '1', 6, 0),
(1196, 15, '1', 6, 1),
(1197, 15, '1', 6, 0),
(1198, 15, '1', 6, 1),
(1199, 15, '1', 6, 0),
(1200, 15, '1', 6, 1),
(1201, 15, '1', 6, 0),
(1202, 15, '1', 6, 1),
(1203, 15, '1', 6, 0),
(1204, 15, '1', 6, 1),
(1205, 15, '1', 6, 0),
(1206, 15, '1', 6, 1),
(1207, 15, '1', 6, 0),
(1208, 15, '1', 6, 1),
(1209, 15, '1', 6, 0),
(1210, 15, '1', 6, 1),
(1211, 15, '1', 6, 0),
(1212, 15, '1', 6, 1),
(1213, 15, '1', 6, 0),
(1214, 15, '1', 6, 1),
(1215, 15, '1', 6, 0),
(1216, 15, '1', 6, 1),
(1217, 15, '1', 6, 0),
(1218, 15, '1', 6, 1),
(1219, 15, '1', 6, 0),
(1220, 15, '1', 6, 1),
(1221, 15, '1', 6, 0),
(1222, 15, '1', 6, 1),
(1223, 15, '1', 6, 1),
(1224, 15, '1', 6, 0),
(1225, 15, '1', 6, 1),
(1226, 15, '1', 6, 0),
(1227, 15, '1', 6, 1),
(1228, 15, '1', 6, 0),
(1229, 15, '1', 6, 1),
(1230, 15, '1', 6, 0),
(1231, 15, '1', 6, 1),
(1232, 15, '1', 6, 0),
(1233, 15, '1', 6, 1),
(1234, 15, '1', 6, 0),
(1235, 15, '1', 6, 1),
(1236, 15, '1', 6, 0),
(1237, 15, '1', 6, 1),
(1238, 15, '1', 6, 0),
(1239, 15, '1', 6, 1),
(1240, 15, '1', 6, 0),
(1241, 15, '1', 6, 1),
(1242, 15, '1', 6, 0),
(1243, 15, '1', 6, 1),
(1244, 15, '1', 6, 0),
(1245, 15, '1', 6, 1),
(1246, 15, '1', 6, 0),
(1247, 15, '1', 6, 1),
(1248, 15, '1', 6, 0),
(1249, 15, '1', 6, 1),
(1250, 15, '1', 6, 0),
(1251, 15, '1', 6, 1),
(1252, 15, '1', 6, 0),
(1253, 15, '1', 6, 1),
(1254, 15, '1', 6, 1),
(1255, 15, '1', 5, 1),
(1256, 15, '1', 6, 1),
(1257, 15, '1', 5, 0),
(1258, 15, '1', 5, 1),
(1259, 15, '1', 5, 0),
(1260, 15, '1', 5, 1),
(1261, 15, '1', 5, 0),
(1262, 15, '1', 5, 1),
(1263, 15, '1', 5, 0),
(1264, 15, '1', 5, 1),
(1265, 15, '1', 5, 0),
(1266, 15, '1', 5, 1),
(1267, 15, '1', 5, 1),
(1268, 15, '1', 5, 0),
(1269, 15, '1', 5, 1),
(1270, 15, '1', 5, 0),
(1271, 15, '1', 5, 0),
(1272, 15, '1', 5, 1),
(1273, 15, '1', 5, 0),
(1274, 15, '1', 6, 1),
(1275, 15, '1', 5, 1),
(1276, 15, '1', 5, 0),
(1277, 15, '1', 5, 1),
(1278, 15, '1', 5, 0),
(1279, 15, '1', 5, 1),
(1280, 15, '1', 5, 0),
(1281, 15, '1', 5, 1),
(1282, 15, '1', 5, 0),
(1283, 15, '1', 5, 1),
(1284, 15, '1', 5, 0),
(1285, 15, '1', 5, 1),
(1286, 15, '1', 5, 0),
(1287, 15, '1', 5, 1),
(1288, 15, '1', 5, 0),
(1289, 15, '1', 6, 1),
(1290, 15, '1', 5, 1),
(1291, 15, '1', 5, 0);

-- --------------------------------------------------------

--
-- Estrutura da tabela `usuarios`
--

CREATE TABLE IF NOT EXISTS `usuarios` (
  `id` int(11) NOT NULL AUTO_INCREMENT,
  `usuario` varchar(20) NOT NULL,
  `senha` varchar(20) NOT NULL,
  PRIMARY KEY (`id`)
) ENGINE=InnoDB  DEFAULT CHARSET=latin1 AUTO_INCREMENT=4 ;

--
-- Extraindo dados da tabela `usuarios`
--

INSERT INTO `usuarios` (`id`, `usuario`, `senha`) VALUES
(1, 'paulorpc', '1234'),
(2, 'jean', '1234'),
(3, 'convidado', 'convid@do');

/*!40101 SET CHARACTER_SET_CLIENT=@OLD_CHARACTER_SET_CLIENT */;
/*!40101 SET CHARACTER_SET_RESULTS=@OLD_CHARACTER_SET_RESULTS */;
/*!40101 SET COLLATION_CONNECTION=@OLD_COLLATION_CONNECTION */;